match_id,date,group,team_a,team_b,score,team_a_total_attempts,team_a_shots_on_target,team_b_total_attempts,team_b_shots_on_target,evidence_type,evidence_url,fifa_match_url,fifa_fulltime_report_url,fifa_summary_report_url
400021443,2026-06-11,A,Mexico,South Africa,2–0,16,4,3,2,"FIFA full-time match report, team statistics row",https://fdp.fifa.org/assetspublic/ce281/r12452/pdf/FullTimeMatchReport-English.pdf,https://www.fifa.com/en/match-centre/match/17/285023/289273/400021443,https://fdp.fifa.org/assetspublic/ce281/r12452/pdf/FullTimeMatchReport-English.pdf,https://www.fifatrainingcentre.com/media/native/tournaments/fifa-world-cup/2026/PMSR-M01%20MEX%20V%20RSA.pdf
400021441,2026-06-11,A,South Korea,Czech Republic,2–1,15,6,6,4,"FIFA full-time match report, team statistics row",https://fdp.fifa.org/assetspublic/ce281/r12450/pdf/FullTimeMatchReport-English.pdf,https://www.fifa.com/en/match-centre/match/17/285023/289273/400021441,https://fdp.fifa.org/assetspublic/ce281/r12450/pdf/FullTimeMatchReport-English.pdf,https://www.fifatrainingcentre.com/media/native/tournaments/fifa-world-cup/2026/PMSR-M02%20KOR%20V%20CZE%20.pdf
400021440,2026-06-18,A,Czech Republic,South Africa,1–1,14,3,17,4,"FIFA full-time match report, team statistics row",https://fdp.fifa.org/assetspublic/ce281/r12449/pdf/FullTimeMatchReport-English.pdf,https://www.fifa.com/en/match-centre/match/17/285023/289273/400021440,https://fdp.fifa.org/assetspublic/ce281/r12449/pdf/FullTimeMatchReport-English.pdf,https://www.fifatrainingcentre.com/media/native/tournaments/fifa-world-cup/2026/PMSR-M25-CZE-V-RSA.pdf
400021442,2026-06-18,A,Mexico,South Korea,1–0,,4,,2,FIFA Training Centre post-match summary,https://www.fifatrainingcentre.com/media/native/tournaments/fifa-world-cup/2026/PMSR-M28-MEX-V-KOR.pdf,https://www.fifa.com/en/match-centre/match/17/285023/289273/400021442,https://fdp.fifa.org/assetspublic/ce281/r12451/pdf/FullTimeMatchReport-English.pdf,https://www.fifatrainingcentre.com/media/native/tournaments/fifa-world-cup/2026/PMSR-M28-MEX-V-KOR.pdf
400021444,2026-06-24,A,Czech Republic,Mexico,0–3,13,1,11,5,"FIFA full-time match report, team statistics row",https://fdp.fifa.org/assetspublic/ce281/r12453/pdf/FullTimeMatchReport-English.pdf,https://www.fifa.com/en/match-centre/match/17/285023/289273/400021444,https://fdp.fifa.org/assetspublic/ce281/r12453/pdf/FullTimeMatchReport-English.pdf,https://www.fifatrainingcentre.com/media/native/tournaments/fifa-world-cup/2026/PMSR-M53-CZE-V-MEX.pdf
400021445,2026-06-24,A,South Africa,South Korea,1–0,13,4,8,3,"FIFA full-time match report, team statistics row",https://fdp.fifa.org/assetspublic/ce281/r12454/pdf/FullTimeMatchReport-English.pdf,https://www.fifa.com/en/match-centre/match/17/285023/289273/400021445,https://fdp.fifa.org/assetspublic/ce281/r12454/pdf/FullTimeMatchReport-English.pdf,https://www.fifatrainingcentre.com/media/native/tournaments/fifa-world-cup/2026/PMSR-M54-RSA-V-KOR.pdf
400021449,2026-06-12,B,Canada,Bosnia and Herzegovina,1–1,13,4,8,3,"FIFA full-time match report, team statistics row",https://fdp.fifa.org/assetspublic/ce281/r12458/pdf/FullTimeMatchReport-English.pdf,https://www.fifa.com/en/match-centre/match/17/285023/289273/400021449,https://fdp.fifa.org/assetspublic/ce281/r12458/pdf/FullTimeMatchReport-English.pdf,https://www.fifatrainingcentre.com/media/native/tournaments/fifa-world-cup/2026/PMSR-M03-CAN-V-BIH-V2.pdf
400021447,2026-06-13,B,Qatar,Switzerland,1–1,6,3,26,7,"FIFA full-time match report, team statistics row",https://fdp.fifa.org/assetspublic/ce281/r12456/pdf/FullTimeMatchReport-English.pdf,https://www.fifa.com/en/match-centre/match/17/285023/289273/400021447,https://fdp.fifa.org/assetspublic/ce281/r12456/pdf/FullTimeMatchReport-English.pdf,https://www.fifatrainingcentre.com/media/native/tournaments/fifa-world-cup/2026/PMSR-M08-QAT-V-SUI.pdf
400021446,2026-06-18,B,Switzerland,Bosnia and Herzegovina,4–1,,7,,3,FIFA Training Centre post-match summary,https://www.fifatrainingcentre.com/media/native/tournaments/fifa-world-cup/2026/PMSR-M26-SUI-V-BIH.pdf,https://www.fifa.com/en/match-centre/match/17/285023/289273/400021446,https://fdp.fifa.org/assetspublic/ce281/r12455/pdf/FullTimeMatchReport-English.pdf,https://www.fifatrainingcentre.com/media/native/tournaments/fifa-world-cup/2026/PMSR-M26-SUI-V-BIH.pdf
400021450,2026-06-18,B,Canada,Qatar,6–0,33,10,2,0,"FIFA full-time match report, team statistics row",https://fdp.fifa.org/assetspublic/ce281/r12459/pdf/FullTimeMatchReport-English.pdf,https://www.fifa.com/en/match-centre/match/17/285023/289273/400021450,https://fdp.fifa.org/assetspublic/ce281/r12459/pdf/FullTimeMatchReport-English.pdf,https://www.fifatrainingcentre.com/media/native/tournaments/fifa-world-cup/2026/PMSR-M27-CAN-V-QAT.pdf
400021451,2026-06-24,B,Switzerland,Canada,2–1,,4,,7,FIFA Training Centre post-match summary,https://www.fifatrainingcentre.com/media/native/tournaments/fifa-world-cup/2026/PMSR-M51-SUI-V-CAN.pdf,https://www.fifa.com/en/match-centre/match/17/285023/289273/400021451,https://fdp.fifa.org/assetspublic/ce281/r12460/pdf/FullTimeMatchReport-English.pdf,https://www.fifatrainingcentre.com/media/native/tournaments/fifa-world-cup/2026/PMSR-M51-SUI-V-CAN.pdf
400021448,2026-06-24,B,Bosnia and Herzegovina,Qatar,3–1,14,5,9,3,"FIFA full-time match report, team statistics row",https://fdp.fifa.org/assetspublic/ce281/r12457/pdf/FullTimeMatchReport-English.pdf,https://www.fifa.com/en/match-centre/match/17/285023/289273/400021448,https://fdp.fifa.org/assetspublic/ce281/r12457/pdf/FullTimeMatchReport-English.pdf,https://www.fifatrainingcentre.com/media/native/tournaments/fifa-world-cup/2026/PMSR-M52-BIH-V-QAT.pdf
400021456,2026-06-13,C,Brazil,Morocco,1–1,13,5,14,3,"FIFA full-time match report, team statistics row",https://fdp.fifa.org/assetspublic/ce281/r12465/pdf/FullTimeMatchReport-English.pdf,https://www.fifa.com/en/match-centre/match/17/285023/289273/400021456,https://fdp.fifa.org/assetspublic/ce281/r12465/pdf/FullTimeMatchReport-English.pdf,https://www.fifatrainingcentre.com/media/native/tournaments/fifa-world-cup/2026/PMSR-M07-BRA-V-MAR.pdf
400021453,2026-06-13,C,Haiti,Scotland,0–1,15,2,9,2,"FIFA full-time match report, team statistics row",https://fdp.fifa.org/assetspublic/ce281/r12462/pdf/FullTimeMatchReport-English.pdf,https://www.fifa.com/en/match-centre/match/17/285023/289273/400021453,https://fdp.fifa.org/assetspublic/ce281/r12462/pdf/FullTimeMatchReport-English.pdf,https://www.fifatrainingcentre.com/media/native/tournaments/fifa-world-cup/2026/PMSR-M05-HAI-V-SCO.pdf
400021454,2026-06-19,C,Scotland,Morocco,0–1,,0,,2,FIFA official match page,https://www.fifa.com/en/match-centre/match/17/285023/289273/400021454,https://www.fifa.com/en/match-centre/match/17/285023/289273/400021454,https://fdp.fifa.org/assetspublic/ce281/r12463/pdf/FullTimeMatchReport-English.pdf,https://www.fifatrainingcentre.com/media/native/tournaments/fifa-world-cup/2026/PMSR-M30-SCO-V-MAR.pdf
400021457,2026-06-19,C,Brazil,Haiti,3–0,8,5,8,3,"FIFA full-time match report, team statistics row",https://fdp.fifa.org/assetspublic/ce281/r12466/pdf/FullTimeMatchReport-English.pdf,https://www.fifa.com/en/match-centre/match/17/285023/289273/400021457,https://fdp.fifa.org/assetspublic/ce281/r12466/pdf/FullTimeMatchReport-English.pdf,https://www.fifatrainingcentre.com/media/native/tournaments/fifa-world-cup/2026/PMSR-M29-BRA-V-HAI.pdf
400021455,2026-06-24,C,Scotland,Brazil,0–3,14,5,21,8,"FIFA full-time match report, team statistics row",https://fdp.fifa.org/assetspublic/ce281/r12464/pdf/FullTimeMatchReport-English.pdf,https://www.fifa.com/en/match-centre/match/17/285023/289273/400021455,https://fdp.fifa.org/assetspublic/ce281/r12464/pdf/FullTimeMatchReport-English.pdf,https://www.fifatrainingcentre.com/media/native/tournaments/fifa-world-cup/2026/PMSR-M49-SCO-V-BRA.pdf
400021452,2026-06-24,C,Morocco,Haiti,4–2,23,11,8,2,"FIFA full-time match report, team statistics row",https://fdp.fifa.org/assetspublic/ce281/r12461/pdf/FullTimeMatchReport-English.pdf,https://www.fifa.com/en/match-centre/match/17/285023/289273/400021452,https://fdp.fifa.org/assetspublic/ce281/r12461/pdf/FullTimeMatchReport-English.pdf,https://www.fifatrainingcentre.com/media/native/tournaments/fifa-world-cup/2026/PMSR-M50-MAR-V-HAI.pdf
400021458,2026-06-12,D,United States,Paraguay,4–1,16,6,9,1,"FIFA full-time match report, team statistics row",https://fdp.fifa.org/assetspublic/ce281/r12467/pdf/FullTimeMatchReport-English.pdf,https://www.fifa.com/en/match-centre/match/17/285023/289273/400021458,https://fdp.fifa.org/assetspublic/ce281/r12467/pdf/FullTimeMatchReport-English.pdf,https://www.fifatrainingcentre.com/media/native/tournaments/fifa-world-cup/2026/PMSR-M04-USA-V-PAR.pdf
400021463,2026-06-13,D,Australia,Turkey,2–0,9,4,30,8,"FIFA full-time match report, team statistics row",https://fdp.fifa.org/assetspublic/ce281/r12472/pdf/FullTimeMatchReport-English.pdf,https://www.fifa.com/en/match-centre/match/17/285023/289273/400021463,https://fdp.fifa.org/assetspublic/ce281/r12472/pdf/FullTimeMatchReport-English.pdf,https://www.fifatrainingcentre.com/media/native/tournaments/fifa-world-cup/2026/PMSR-M06-AUS-V-TUR.pdf
400021462,2026-06-19,D,United States,Australia,2–0,10,2,5,2,"FIFA full-time match report, team statistics row",https://fdp.fifa.org/assetspublic/ce281/r12471/pdf/FullTimeMatchReport-English.pdf,https://www.fifa.com/en/match-centre/match/17/285023/289273/400021462,https://fdp.fifa.org/assetspublic/ce281/r12471/pdf/FullTimeMatchReport-English.pdf,https://www.fifatrainingcentre.com/media/native/tournaments/fifa-world-cup/2026/PMSR-M32-USA-V-AUS.pdf
400021460,2026-06-19,D,Turkey,Paraguay,0–1,32,5,7,2,"FIFA full-time match report, team statistics row",https://fdp.fifa.org/assetspublic/ce281/r12470/pdf/FullTimeMatchReport-English.pdf,https://www.fifa.com/en/match-centre/match/17/285023/289273/400021460,https://fdp.fifa.org/assetspublic/ce281/r12470/pdf/FullTimeMatchReport-English.pdf,https://www.fifatrainingcentre.com/media/native/tournaments/fifa-world-cup/2026/PMSR-M31-TUR-V-PAR.pdf
400021459,2026-06-25,D,Turkey,United States,3–2,8,4,18,7,"FIFA full-time match report, team statistics row",https://fdp.fifa.org/assetspublic/ce281/r12468/pdf/FullTimeMatchReport-English.pdf,https://www.fifa.com/en/match-centre/match/17/285023/289273/400021459,https://fdp.fifa.org/assetspublic/ce281/r12468/pdf/FullTimeMatchReport-English.pdf,https://www.fifatrainingcentre.com/media/native/tournaments/fifa-world-cup/2026/PMSR-M59-TUR-v-USA.pdf
400021461,2026-06-25,D,Paraguay,Australia,0–0,7,2,12,5,"FIFA full-time match report, team statistics row",https://fdp.fifa.org/assetspublic/ce281/r12469/pdf/FullTimeMatchReport-English.pdf,https://www.fifa.com/en/match-centre/match/17/285023/289273/400021461,https://fdp.fifa.org/assetspublic/ce281/r12469/pdf/FullTimeMatchReport-English.pdf,https://www.fifatrainingcentre.com/media/native/tournaments/fifa-world-cup/2026/PMSR-M60-PAR-V-AUS.pdf
400021464,2026-06-14,E,Germany,Curaçao,7–1,26,11,8,2,"FIFA full-time match report, team statistics row",https://fdp.fifa.org/assetspublic/ce281/r12473/pdf/FullTimeMatchReport-English.pdf,https://www.fifa.com/en/match-centre/match/17/285023/289273/400021464,https://fdp.fifa.org/assetspublic/ce281/r12473/pdf/FullTimeMatchReport-English.pdf,https://www.fifatrainingcentre.com/media/native/tournaments/fifa-world-cup/2026/PMSR-M10-GER-V-CUW-V2.pdf
400021467,2026-06-14,E,Ivory Coast,Ecuador,1–0,,4,,1,FIFA Training Centre post-match summary,https://www.fifatrainingcentre.com/media/native/tournaments/fifa-world-cup/2026/PMSR-M09-CIV-V-ECU.pdf,https://www.fifa.com/en/match-centre/match/17/285023/289273/400021467,https://fdp.fifa.org/assetspublic/ce281/r12476/pdf/FullTimeMatchReport-English.pdf,https://www.fifatrainingcentre.com/media/native/tournaments/fifa-world-cup/2026/PMSR-M09-CIV-V-ECU.pdf
400021469,2026-06-20,E,Germany,Ivory Coast,2–1,16,7,9,2,"FIFA full-time match report, team statistics row",https://fdp.fifa.org/assetspublic/ce281/r12478/pdf/FullTimeMatchReport-English.pdf,https://www.fifa.com/en/match-centre/match/17/285023/289273/400021469,https://fdp.fifa.org/assetspublic/ce281/r12478/pdf/FullTimeMatchReport-English.pdf,https://www.fifatrainingcentre.com/media/native/tournaments/fifa-world-cup/2026/PMSR-M33-GER-V-CIV.pdf
400021465,2026-06-20,E,Ecuador,Curaçao,0–0,28,15,10,3,"FIFA full-time match report, team statistics row",https://fdp.fifa.org/assetspublic/ce281/r12474/pdf/FullTimeMatchReport-English.pdf,https://www.fifa.com/en/match-centre/match/17/285023/289273/400021465,https://fdp.fifa.org/assetspublic/ce281/r12474/pdf/FullTimeMatchReport-English.pdf,https://www.fifatrainingcentre.com/media/native/tournaments/fifa-world-cup/2026/PMSR-M34-ECU-V-CUW.pdf
400021468,2026-06-25,E,Curaçao,Ivory Coast,0–2,,2,,3,FIFA Training Centre post-match summary,https://www.fifatrainingcentre.com/media/native/tournaments/fifa-world-cup/2026/PMSR-M55-CUW-V-CIV.pdf,https://www.fifa.com/en/match-centre/match/17/285023/289273/400021468,https://fdp.fifa.org/assetspublic/ce281/r12477/pdf/FullTimeMatchReport-English.pdf,https://www.fifatrainingcentre.com/media/native/tournaments/fifa-world-cup/2026/PMSR-M55-CUW-V-CIV.pdf
400021466,2026-06-25,E,Ecuador,Germany,2–1,7,3,11,3,"FIFA full-time match report, team statistics row",https://fdp.fifa.org/assetspublic/ce281/r12475/pdf/FullTimeMatchReport-English.pdf,https://www.fifa.com/en/match-centre/match/17/285023/289273/400021466,https://fdp.fifa.org/assetspublic/ce281/r12475/pdf/FullTimeMatchReport-English.pdf,https://www.fifatrainingcentre.com/media/native/tournaments/fifa-world-cup/2026/PMSR-M56-ECU-V-GER.pdf
400021470,2026-06-14,F,Netherlands,Japan,2–2,10,6,10,3,"FIFA full-time match report, team statistics row",https://fdp.fifa.org/assetspublic/ce281/r12480/pdf/FullTimeMatchReport-English.pdf,https://www.fifa.com/en/match-centre/match/17/285023/289273/400021470,https://fdp.fifa.org/assetspublic/ce281/r12480/pdf/FullTimeMatchReport-English.pdf,https://www.fifatrainingcentre.com/media/native/tournaments/fifa-world-cup/2026/PMSR-M11-NED-V-JPN.pdf
400021474,2026-06-14,F,Sweden,Tunisia,5–1,13,7,6,2,"FIFA full-time match report, team statistics row",https://fdp.fifa.org/assetspublic/ce281/r12484/pdf/FullTimeMatchReport-English.pdf,https://www.fifa.com/en/match-centre/match/17/285023/289273/400021474,https://fdp.fifa.org/assetspublic/ce281/r12484/pdf/FullTimeMatchReport-English.pdf,https://www.fifatrainingcentre.com/media/native/tournaments/fifa-world-cup/2026/PMSR-M12-SWE-V-TUN.pdf
400021472,2026-06-20,F,Netherlands,Sweden,5–1,10,7,16,8,"FIFA full-time match report, team statistics row",https://fdp.fifa.org/assetspublic/ce281/r12481/pdf/FullTimeMatchReport-English.pdf,https://www.fifa.com/en/match-centre/match/17/285023/289273/400021472,https://fdp.fifa.org/assetspublic/ce281/r12481/pdf/FullTimeMatchReport-English.pdf,https://www.fifatrainingcentre.com/media/native/tournaments/fifa-world-cup/2026/PMSR-M35-NED-V-SWE.pdf
400021475,2026-06-20,F,Tunisia,Japan,0–4,2,0,11,5,"FIFA full-time match report, team statistics row",https://fdp.fifa.org/assetspublic/ce281/r12483/pdf/FullTimeMatchReport-English.pdf,https://www.fifa.com/en/match-centre/match/17/285023/289273/400021475,https://fdp.fifa.org/assetspublic/ce281/r12483/pdf/FullTimeMatchReport-English.pdf,https://www.fifatrainingcentre.com/media/native/tournaments/fifa-world-cup/2026/PMSR-M36-TUN-V-JPN.pdf
400021471,2026-06-25,F,Japan,Sweden,1–1,8,3,11,5,"FIFA full-time match report, team statistics row",https://fdp.fifa.org/assetspublic/ce281/r12479/pdf/FullTimeMatchReport-English.pdf,https://www.fifa.com/en/match-centre/match/17/285023/289273/400021471,https://fdp.fifa.org/assetspublic/ce281/r12479/pdf/FullTimeMatchReport-English.pdf,https://www.fifatrainingcentre.com/media/native/tournaments/fifa-world-cup/2026/PMSR-M57-JPN-V-SWE.pdf
400021473,2026-06-25,F,Tunisia,Netherlands,1–3,10,4,20,7,"FIFA full-time match report, team statistics row",https://fdp.fifa.org/assetspublic/ce281/r12482/pdf/FullTimeMatchReport-English.pdf,https://www.fifa.com/en/match-centre/match/17/285023/289273/400021473,https://fdp.fifa.org/assetspublic/ce281/r12482/pdf/FullTimeMatchReport-English.pdf,https://www.fifatrainingcentre.com/media/native/tournaments/fifa-world-cup/2026/PMSR-M58-TUN-V-NED.pdf
400021478,2026-06-15,G,Belgium,Egypt,1–1,15,3,14,4,"FIFA full-time match report, team statistics row",https://fdp.fifa.org/assetspublic/ce281/r12488/pdf/FullTimeMatchReport-English.pdf,https://www.fifa.com/en/match-centre/match/17/285023/289273/400021478,https://fdp.fifa.org/assetspublic/ce281/r12488/pdf/FullTimeMatchReport-English.pdf,https://www.fifatrainingcentre.com/media/native/tournaments/fifa-world-cup/2026/PMSR-M16-BEL-V-EGY.pdf
400021476,2026-06-15,G,Iran,New Zealand,2–2,17,4,14,8,"FIFA full-time match report, team statistics row",https://fdp.fifa.org/assetspublic/ce281/r12485/pdf/FullTimeMatchReport-English.pdf,https://www.fifa.com/en/match-centre/match/17/285023/289273/400021476,https://fdp.fifa.org/assetspublic/ce281/r12485/pdf/FullTimeMatchReport-English.pdf,https://www.fifatrainingcentre.com/media/native/tournaments/fifa-world-cup/2026/PMSR-M15-IRN-V-NZL.pdf
400021477,2026-06-21,G,Belgium,Iran,0–0,23,7,7,3,"FIFA full-time match report, team statistics row",https://fdp.fifa.org/assetspublic/ce281/r12486/pdf/FullTimeMatchReport-English.pdf,https://www.fifa.com/en/match-centre/match/17/285023/289273/400021477,https://fdp.fifa.org/assetspublic/ce281/r12486/pdf/FullTimeMatchReport-English.pdf,https://www.fifatrainingcentre.com/media/native/tournaments/fifa-world-cup/2026/PMSR-M39-BEL-V-IRN.pdf
400021480,2026-06-21,G,New Zealand,Egypt,1–3,11,5,19,7,"FIFA full-time match report, team statistics row",https://fdp.fifa.org/assetspublic/ce281/r12489/pdf/FullTimeMatchReport-English.pdf,https://www.fifa.com/en/match-centre/match/17/285023/289273/400021480,https://fdp.fifa.org/assetspublic/ce281/r12489/pdf/FullTimeMatchReport-English.pdf,https://www.fifatrainingcentre.com/media/native/tournaments/fifa-world-cup/2026/PMSR-M40-NZL-V-EGY.pdf
400021479,2026-06-26,G,Egypt,Iran,1–1,15,3,13,4,"FIFA full-time match report, team statistics row",https://fdp.fifa.org/assetspublic/ce281/r12487/pdf/FullTimeMatchReport-English.pdf,https://www.fifa.com/en/match-centre/match/17/285023/289273/400021479,https://fdp.fifa.org/assetspublic/ce281/r12487/pdf/FullTimeMatchReport-English.pdf,https://www.fifatrainingcentre.com/media/native/tournaments/fifa-world-cup/2026/PMSR-M63-EGY-V-IRN.pdf
400021481,2026-06-26,G,New Zealand,Belgium,1–5,6,2,35,10,"FIFA full-time match report, team statistics row",https://fdp.fifa.org/assetspublic/ce281/r12490/pdf/FullTimeMatchReport-English.pdf,https://www.fifa.com/en/match-centre/match/17/285023/289273/400021481,https://fdp.fifa.org/assetspublic/ce281/r12490/pdf/FullTimeMatchReport-English.pdf,https://www.fifatrainingcentre.com/media/native/tournaments/fifa-world-cup/2026/PMSR-M64-NZL-V-BEL.pdf
400021482,2026-06-15,H,Spain,Cape Verde,0–0,27,7,6,1,"FIFA full-time match report, team statistics row",https://fdp.fifa.org/assetspublic/ce281/r12492/pdf/FullTimeMatchReport-English.pdf,https://www.fifa.com/en/match-centre/match/17/285023/289273/400021482,https://fdp.fifa.org/assetspublic/ce281/r12492/pdf/FullTimeMatchReport-English.pdf,https://www.fifatrainingcentre.com/media/native/tournaments/fifa-world-cup/2026/PMSR-M14-ESP-V-CPV.pdf
400021486,2026-06-15,H,Saudi Arabia,Uruguay,1–1,7,3,29,11,"FIFA full-time match report, team statistics row",https://fdp.fifa.org/assetspublic/ce281/r12495/pdf/FullTimeMatchReport-English.pdf,https://www.fifa.com/en/match-centre/match/17/285023/289273/400021486,https://fdp.fifa.org/assetspublic/ce281/r12495/pdf/FullTimeMatchReport-English.pdf,https://www.fifatrainingcentre.com/media/native/tournaments/fifa-world-cup/2026/PMSR-M13-KSA-V-URU.pdf
400021483,2026-06-21,H,Spain,Saudi Arabia,4–0,22,8,3,1,"FIFA full-time match report, team statistics row",https://fdp.fifa.org/assetspublic/ce281/r12491/pdf/FullTimeMatchReport-English.pdf,https://www.fifa.com/en/match-centre/match/17/285023/289273/400021483,https://fdp.fifa.org/assetspublic/ce281/r12491/pdf/FullTimeMatchReport-English.pdf,https://www.fifatrainingcentre.com/media/native/tournaments/fifa-world-cup/2026/PMSR-M38-ESP-V-KSA.pdf
400021487,2026-06-21,H,Uruguay,Cape Verde,2–2,17,2,12,4,"FIFA full-time match report, team statistics row",https://fdp.fifa.org/assetspublic/ce281/r12496/pdf/FullTimeMatchReport-English.pdf,https://www.fifa.com/en/match-centre/match/17/285023/289273/400021487,https://fdp.fifa.org/assetspublic/ce281/r12496/pdf/FullTimeMatchReport-English.pdf,https://www.fifatrainingcentre.com/media/native/tournaments/fifa-world-cup/2026/PMSR-M37-URU-V-CPV.pdf
400021485,2026-06-26,H,Cape Verde,Saudi Arabia,0–0,,2,,3,FIFA official match page,https://www.fifa.com/en/match-centre/match/17/285023/289273/400021485,https://www.fifa.com/en/match-centre/match/17/285023/289273/400021485,https://fdp.fifa.org/assetspublic/ce281/r12494/pdf/FullTimeMatchReport-English.pdf,https://www.fifatrainingcentre.com/media/native/tournaments/fifa-world-cup/2026/PMSR-M65-CPV-V-KSA.pdf
400021484,2026-06-26,H,Uruguay,Spain,0–1,5,1,6,1,"FIFA full-time match report, team statistics row",https://fdp.fifa.org/assetspublic/ce281/r12493/pdf/FullTimeMatchReport-English.pdf,https://www.fifa.com/en/match-centre/match/17/285023/289273/400021484,https://fdp.fifa.org/assetspublic/ce281/r12493/pdf/FullTimeMatchReport-English.pdf,https://www.fifatrainingcentre.com/media/native/tournaments/fifa-world-cup/2026/PMSR-M66-URU-V-ESP.pdf
400021490,2026-06-16,I,France,Senegal,3–1,11,8,6,2,"FIFA full-time match report, team statistics row",https://fdp.fifa.org/assetspublic/ce281/r12499/pdf/FullTimeMatchReport-English.pdf,https://www.fifa.com/en/match-centre/match/17/285023/289273/400021490,https://fdp.fifa.org/assetspublic/ce281/r12499/pdf/FullTimeMatchReport-English.pdf,https://www.fifatrainingcentre.com/media/native/tournaments/fifa-world-cup/2026/PMSR-M17-FRA-V-SEN.pdf
400021488,2026-06-16,I,Iraq,Norway,1–4,11,1,12,5,"FIFA full-time match report, team statistics row",https://fdp.fifa.org/assetspublic/ce281/r12497/pdf/FullTimeMatchReport-English.pdf,https://www.fifa.com/en/match-centre/match/17/285023/289273/400021488,https://fdp.fifa.org/assetspublic/ce281/r12497/pdf/FullTimeMatchReport-English.pdf,https://www.fifatrainingcentre.com/media/native/tournaments/fifa-world-cup/2026/PMSR-M18-IRQ-V-NOR.pdf
400021492,2026-06-22,I,France,Iraq,3–0,19,5,4,0,"FIFA full-time match report, team statistics row",https://fdp.fifa.org/assetspublic/ce281/r12501/pdf/FullTimeMatchReport-English.pdf,https://www.fifa.com/en/match-centre/match/17/285023/289273/400021492,https://fdp.fifa.org/assetspublic/ce281/r12501/pdf/FullTimeMatchReport-English.pdf,https://www.fifatrainingcentre.com/media/native/tournaments/fifa-world-cup/2026/PMSR-M42-FRA-V-IRQ.pdf
400021491,2026-06-22,I,Norway,Senegal,3–2,13,7,16,4,"FIFA full-time match report, team statistics row",https://fdp.fifa.org/assetspublic/ce281/r12500/pdf/FullTimeMatchReport-English.pdf,https://www.fifa.com/en/match-centre/match/17/285023/289273/400021491,https://fdp.fifa.org/assetspublic/ce281/r12500/pdf/FullTimeMatchReport-English.pdf,https://www.fifatrainingcentre.com/media/native/tournaments/fifa-world-cup/2026/PMSR-M41-NOR-V-SEN.pdf
400021489,2026-06-26,I,Norway,France,1–4,10,4,18,9,"FIFA full-time match report, team statistics row",https://fdp.fifa.org/assetspublic/ce281/r12498/pdf/FullTimeMatchReport-English.pdf,https://www.fifa.com/en/match-centre/match/17/285023/289273/400021489,https://fdp.fifa.org/assetspublic/ce281/r12498/pdf/FullTimeMatchReport-English.pdf,https://www.fifatrainingcentre.com/media/native/tournaments/fifa-world-cup/2026/PMSR-M61-NOR-V-FRA.pdf
400021493,2026-06-26,I,Senegal,Iraq,5–0,28,12,6,1,"FIFA full-time match report, team statistics row",https://fdp.fifa.org/assetspublic/ce281/r12502/pdf/FullTimeMatchReport-English.pdf,https://www.fifa.com/en/match-centre/match/17/285023/289273/400021493,https://fdp.fifa.org/assetspublic/ce281/r12502/pdf/FullTimeMatchReport-English.pdf,https://www.fifatrainingcentre.com/media/native/tournaments/fifa-world-cup/2026/PMSR-M62-SEN-V-IRQ.pdf
400021496,2026-06-16,J,Argentina,Algeria,3–0,10,6,7,0,"FIFA full-time match report, team statistics row",https://fdp.fifa.org/assetspublic/ce281/r12506/pdf/FullTimeMatchReport-English.pdf,https://www.fifa.com/en/match-centre/match/17/285023/289273/400021496,https://fdp.fifa.org/assetspublic/ce281/r12506/pdf/FullTimeMatchReport-English.pdf,https://www.fifatrainingcentre.com/media/native/tournaments/fifa-world-cup/2026/PMSR-M19-ARG-V-ALG.pdf
400021498,2026-06-16,J,Austria,Jordan,3–1,11,4,11,4,"FIFA full-time match report, team statistics row",https://fdp.fifa.org/assetspublic/ce281/r12508/pdf/FullTimeMatchReport-English.pdf,https://www.fifa.com/en/match-centre/match/17/285023/289273/400021498,https://fdp.fifa.org/assetspublic/ce281/r12508/pdf/FullTimeMatchReport-English.pdf,https://www.fifatrainingcentre.com/media/native/tournaments/fifa-world-cup/2026/PMSR-M20-AUT-V-JOR-V3.pdf
400021494,2026-06-22,J,Argentina,Austria,2–0,12,4,6,1,"FIFA full-time match report, team statistics row",https://fdp.fifa.org/assetspublic/ce281/r12504/pdf/FullTimeMatchReport-English.pdf,https://www.fifa.com/en/match-centre/match/17/285023/289273/400021494,https://fdp.fifa.org/assetspublic/ce281/r12504/pdf/FullTimeMatchReport-English.pdf,https://www.fifatrainingcentre.com/media/native/tournaments/fifa-world-cup/2026/PMSR-M43-ARG-V-AUT.pdf
400021499,2026-06-22,J,Jordan,Algeria,1–2,8,4,17,8,"FIFA full-time match report, team statistics row",https://fdp.fifa.org/assetspublic/ce281/r12507/pdf/FullTimeMatchReport-English.pdf,https://www.fifa.com/en/match-centre/match/17/285023/289273/400021499,https://fdp.fifa.org/assetspublic/ce281/r12507/pdf/FullTimeMatchReport-English.pdf,https://www.fifatrainingcentre.com/media/native/tournaments/fifa-world-cup/2026/PMSR-M44-JOR-V-ALG.pdf
400021497,2026-06-27,J,Algeria,Austria,3–3,12,5,10,3,"FIFA full-time match report, team statistics row",https://fdp.fifa.org/assetspublic/ce281/r12505/pdf/FullTimeMatchReport-English.pdf,https://www.fifa.com/en/match-centre/match/17/285023/289273/400021497,https://fdp.fifa.org/assetspublic/ce281/r12505/pdf/FullTimeMatchReport-English.pdf,https://www.fifatrainingcentre.com/media/native/tournaments/fifa-world-cup/2026/PMSR-M69-ALG-V-AUT.pdf
400021495,2026-06-27,J,Jordan,Argentina,1–3,5,1,13,4,"FIFA full-time match report, team statistics row",https://fdp.fifa.org/assetspublic/ce281/r12503/pdf/FullTimeMatchReport-English.pdf,https://www.fifa.com/en/match-centre/match/17/285023/289273/400021495,https://fdp.fifa.org/assetspublic/ce281/r12503/pdf/FullTimeMatchReport-English.pdf,https://www.fifatrainingcentre.com/media/native/tournaments/fifa-world-cup/2026/PMSR-M70-JOR-V-ARG.pdf
400021502,2026-06-17,K,Portugal,DR Congo,1–1,7,1,8,2,"FIFA full-time match report, team statistics row",https://fdp.fifa.org/assetspublic/ce281/r12511/pdf/FullTimeMatchReport-English.pdf,https://www.fifa.com/en/match-centre/match/17/285023/289273/400021502,https://fdp.fifa.org/assetspublic/ce281/r12511/pdf/FullTimeMatchReport-English.pdf,https://www.fifatrainingcentre.com/media/native/tournaments/fifa-world-cup/2026/PMSR-M23-POR-V-COD.pdf
400021504,2026-06-17,K,Uzbekistan,Colombia,1–3,8,2,15,4,"FIFA full-time match report, team statistics row",https://fdp.fifa.org/assetspublic/ce281/r12513/pdf/FullTimeMatchReport-English.pdf,https://www.fifa.com/en/match-centre/match/17/285023/289273/400021504,https://fdp.fifa.org/assetspublic/ce281/r12513/pdf/FullTimeMatchReport-English.pdf,https://www.fifatrainingcentre.com/media/native/tournaments/fifa-world-cup/2026/PMSR-M24-UZB-V-COL-V2.pdf
400021503,2026-06-23,K,Portugal,Uzbekistan,5–0,17,8,7,2,"FIFA full-time match report, team statistics row",https://fdp.fifa.org/assetspublic/ce281/r12512/pdf/FullTimeMatchReport-English.pdf,https://www.fifa.com/en/match-centre/match/17/285023/289273/400021503,https://fdp.fifa.org/assetspublic/ce281/r12512/pdf/FullTimeMatchReport-English.pdf,https://www.fifatrainingcentre.com/media/native/tournaments/fifa-world-cup/2026/PMSR-M47-POR-V-GHA.pdf
400021501,2026-06-23,K,Colombia,DR Congo,1–0,20,9,7,2,"FIFA full-time match report, team statistics row",https://fdp.fifa.org/assetspublic/ce281/r12510/pdf/FullTimeMatchReport-English.pdf,https://www.fifa.com/en/match-centre/match/17/285023/289273/400021501,https://fdp.fifa.org/assetspublic/ce281/r12510/pdf/FullTimeMatchReport-English.pdf,https://www.fifatrainingcentre.com/media/native/tournaments/fifa-world-cup/2026/PMSR-M48-COL-V-COD-V2.pdf
400021505,2026-06-27,K,Colombia,Portugal,0–0,24,6,13,2,"FIFA full-time match report, team statistics row",https://fdp.fifa.org/assetspublic/ce281/r12514/pdf/FullTimeMatchReport-English.pdf,https://www.fifa.com/en/match-centre/match/17/285023/289273/400021505,https://fdp.fifa.org/assetspublic/ce281/r12514/pdf/FullTimeMatchReport-English.pdf,https://www.fifatrainingcentre.com/media/native/tournaments/fifa-world-cup/2026/PMSR-M71-COL-V-POR.pdf
400021500,2026-06-27,K,DR Congo,Uzbekistan,3–1,19,4,3,1,"FIFA full-time match report, team statistics row",https://fdp.fifa.org/assetspublic/ce281/r12509/pdf/FullTimeMatchReport-English.pdf,https://www.fifa.com/en/match-centre/match/17/285023/289273/400021500,https://fdp.fifa.org/assetspublic/ce281/r12509/pdf/FullTimeMatchReport-English.pdf,https://www.fifatrainingcentre.com/media/native/tournaments/fifa-world-cup/2026/PMSR-M72-COD-V-UZB.pdf
400021507,2026-06-17,L,England,Croatia,4–2,22,11,10,5,"FIFA full-time match report, team statistics row",https://fdp.fifa.org/assetspublic/ce281/r12516/pdf/FullTimeMatchReport-English.pdf,https://www.fifa.com/en/match-centre/match/17/285023/289273/400021507,https://fdp.fifa.org/assetspublic/ce281/r12516/pdf/FullTimeMatchReport-English.pdf,https://www.fifatrainingcentre.com/media/native/tournaments/fifa-world-cup/2026/PMSR-M22-ENG-V-CRO.pdf
400021510,2026-06-17,L,Ghana,Panama,1–0,7,2,11,4,"FIFA full-time match report, team statistics row",https://fdp.fifa.org/assetspublic/ce281/r12519/pdf/FullTimeMatchReport-English.pdf,https://www.fifa.com/en/match-centre/match/17/285023/289273/400021510,https://fdp.fifa.org/assetspublic/ce281/r12519/pdf/FullTimeMatchReport-English.pdf,https://www.fifatrainingcentre.com/media/native/tournaments/fifa-world-cup/2026/PMSR-M21-GHA-V-PAN-V2.pdf
400021506,2026-06-23,L,England,Ghana,0–0,19,3,2,1,"FIFA full-time match report, team statistics row",https://fdp.fifa.org/assetspublic/ce281/r12515/pdf/FullTimeMatchReport-English.pdf,https://www.fifa.com/en/match-centre/match/17/285023/289273/400021506,https://fdp.fifa.org/assetspublic/ce281/r12515/pdf/FullTimeMatchReport-English.pdf,https://www.fifatrainingcentre.com/media/native/tournaments/fifa-world-cup/2026/PMSR-M45-ENG-V-GHA.pdf
400021511,2026-06-23,L,Panama,Croatia,0–1,8,1,6,2,"FIFA full-time match report, team statistics row",https://fdp.fifa.org/assetspublic/ce281/r12520/pdf/FullTimeMatchReport-English.pdf,https://www.fifa.com/en/match-centre/match/17/285023/289273/400021511,https://fdp.fifa.org/assetspublic/ce281/r12520/pdf/FullTimeMatchReport-English.pdf,https://www.fifatrainingcentre.com/media/native/tournaments/fifa-world-cup/2026/PMSR-M46-PAN-V-CRO.pdf
400021508,2026-06-27,L,Panama,England,0–2,12,2,17,6,"FIFA full-time match report, team statistics row",https://fdp.fifa.org/assetspublic/ce281/r12517/pdf/FullTimeMatchReport-English.pdf,https://www.fifa.com/en/match-centre/match/17/285023/289273/400021508,https://fdp.fifa.org/assetspublic/ce281/r12517/pdf/FullTimeMatchReport-English.pdf,https://www.fifatrainingcentre.com/media/native/tournaments/fifa-world-cup/2026/PMSR-M67-PAN-V-ENG.pdf
400021509,2026-06-27,L,Croatia,Ghana,2–1,8,4,6,1,"FIFA full-time match report, team statistics row",https://fdp.fifa.org/assetspublic/ce281/r12518/pdf/FullTimeMatchReport-English.pdf,https://www.fifa.com/en/match-centre/match/17/285023/289273/400021509,https://fdp.fifa.org/assetspublic/ce281/r12518/pdf/FullTimeMatchReport-English.pdf,https://www.fifatrainingcentre.com/media/native/tournaments/fifa-world-cup/2026/PMSR-M68-CRO-V-GHA.pdf
